1,Ada,Eachern,female,Ada.Eachern@yopmail.com,2002-03-09,Yaren District,Mali,3
2,Edith,Cristi,other,Edith.Cristi@yopmail.com,2004-08-06,Fairbanks,Mongolia,7
3,Carilyn,Haerr,female,Carilyn.Haerr@yopmail.com,2004-03-30,Bissau,"Micronesia, Federated States of",8
4,Bibby,Fiester,other,Bibby.Fiester@yopmail.com,2001-07-23,Hangzhou,Algeria,6
5,Melodie,Lenny,male,Melodie.Lenny@yopmail.com,2002-06-23,Port Vila,"Virgin Islands, British",1
6,Margarette,Erb,other,Margarette.Erb@yopmail.com,2002-04-06,Tampa,"Korea, Republic of",1
7,Mary,Seessel,female,Mary.Seessel@yopmail.com,2002-09-12,Pristina,Uzbekistan,1
8,Anallese,Hathaway,other,Anallese.Hathaway@yopmail.com,2004-02-27,Bergen,Tokelau,6
9,Jany,Aurelio,female,Jany.Aurelio@yopmail.com,2002-11-06,Incheon,Germany,4
10,Shauna,Ashely,other,Shauna.Ashely@yopmail.com,2000-11-05,San Salvador,Saudi Arabia,2
11,Gwyneth,Cristi,male,Gwyneth.Cristi@yopmail.com,2001-05-29,London,Australia,8
12,Valli,Yoko,other,Valli.Yoko@yopmail.com,2000-11-26,Banjul,Barbados,5
13,Celene,Idelia,other,Celene.Idelia@yopmail.com,2002-06-17,Split (city),Mongolia,3
14,Jenda,Keelia,female,Jenda.Keelia@yopmail.com,2001-01-11,Kyoto,Papua New Guinea,8
15,Danny,Cottle,female,Danny.Cottle@yopmail.com,2000-04-12,Frankfurt,Denmark,2
16,Ezmeralda,Mich,other,Ezmeralda.Mich@yopmail.com,2002-05-09,Dushanbe,Belgium,7
17,Winny,Gemini,other,Winny.Gemini@yopmail.com,2002-09-23,Düsseldorf,Congo,4
18,Nollie,Maurine,other,Nollie.Maurine@yopmail.com,2000-08-21,Rome,San Marino,6
19,Britte,Pillsbury,male,Britte.Pillsbury@yopmail.com,2002-10-19,Managua,Somalia,8
20,Carmela,Shirberg,male,Carmela.Shirberg@yopmail.com,2003-08-15,Bulawayo,Mozambique,8
21,Rebeca,Gemini,female,Rebeca.Gemini@yopmail.com,2004-09-18,Athens,United Arab Emirates,7
22,Tonia,Sallyann,other,Tonia.Sallyann@yopmail.com,2004-11-19,Chengdu,Singapore,4
23,Emma,Danby,other,Emma.Danby@yopmail.com,2002-05-25,Barranquilla,Bouvet Island,2
24,Evita,Gert,female,Evita.Gert@yopmail.com,2003-06-11,Kansas City,AndorrA,5
25,Charlena,Bendick,female,Charlena.Bendick@yopmail.com,2003-09-23,Los Angeles,Burundi,3
26,Kate,Sacken,male,Kate.Sacken@yopmail.com,2000-05-09,Chiang Mai,Romania,2
27,Gloria,Ioab,female,Gloria.Ioab@yopmail.com,2003-03-25,Rosario,"Micronesia, Federated States of",8
28,Frank,Bury,male,Frank.Bury@yopmail.com,2002-01-07,Cologne,Slovakia,1
29,Silvana,Lilybelle,other,Silvana.Lilybelle@yopmail.com,2001-01-05,Luanda,Ecuador,1
30,Jordan,Hewitt,male,Jordan.Hewitt@yopmail.com,2000-03-04,Cockburn Town,Comoros,4
31,Madalyn,Mullane,female,Madalyn.Mullane@yopmail.com,2004-02-23,Montevideo,Samoa,5
32,Orsola,Kenwood,female,Orsola.Kenwood@yopmail.com,2004-05-29,San José,Samoa,2
33,Donnie,Dyche,male,Donnie.Dyche@yopmail.com,2004-01-15,Avarua,Qatar,8
34,Lorie,Ricarda,female,Lorie.Ricarda@yopmail.com,2001-04-10,Taiyuan,British Indian Ocean Territory,4
35,Nita,Edee,other,Nita.Edee@yopmail.com,2004-05-31,Nairobi,Russian Federation,2
36,Karena,Fiester,other,Karena.Fiester@yopmail.com,2004-07-19,Beirut,Austria,4
37,Fidelia,Madaih,female,Fidelia.Madaih@yopmail.com,2001-08-18,Rochester,"Congo, The Democratic Republic of the",5
38,Gerianna,Karl,male,Gerianna.Karl@yopmail.com,2002-12-07,Incheon,Turkmenistan,7
39,Lenna,Irmine,male,Lenna.Irmine@yopmail.com,2002-10-14,Sacramento,Marshall Islands,8
40,Briney,Henebry,male,Briney.Henebry@yopmail.com,2003-05-02,Iqaluit,Solomon Islands,6
41,Jackie,Gerge,other,Jackie.Gerge@yopmail.com,2003-01-20,Lima,Samoa,3
42,Rayna,Noam,male,Rayna.Noam@yopmail.com,2001-05-01,Chiang Mai,Central African Republic,2
43,Keelia,Concha,female,Keelia.Concha@yopmail.com,2000-11-15,Fairbanks,Kuwait,8
44,Gui,Zaslow,other,Gui.Zaslow@yopmail.com,2001-03-01,Bishkek,Iceland,5
45,Robbi,Himelman,female,Robbi.Himelman@yopmail.com,2000-09-16,Vilnius,Uruguay,8
46,Kate,Ellerey,other,Kate.Ellerey@yopmail.com,2001-09-29,Roseau,"Cote D""Ivoire",1
47,Trudie,Niles,other,Trudie.Niles@yopmail.com,2000-09-11,San Juan,Sudan,4
48,Mariele,Urias,other,Mariele.Urias@yopmail.com,2003-01-21,Sapporo,Lebanon,7
49,Delilah,Isidore,female,Delilah.Isidore@yopmail.com,2001-04-17,Longyearbyen,Gibraltar,6
50,Belinda,Merell,male,Belinda.Merell@yopmail.com,2000-09-09,Asmara,Kiribati,4
51,Shannah,Cleo,other,Shannah.Cleo@yopmail.com,2002-06-27,Oslo,Angola,7
52,Iseabal,Nelsen,male,Iseabal.Nelsen@yopmail.com,2001-02-01,San Carlos de Bariloche,Switzerland,1
53,Carmela,Kenney,female,Carmela.Kenney@yopmail.com,2000-05-04,San Fernando,Canada,7
54,Tamqrah,Lissi,male,Tamqrah.Lissi@yopmail.com,2001-05-25,Agartala,Lebanon,8
55,Rori,Demitria,male,Rori.Demitria@yopmail.com,2000-08-04,Perm,Dominica,5
56,Bibby,Whittaker,other,Bibby.Whittaker@yopmail.com,2003-04-22,Maceió,Senegal,3
57,Fanchon,Ventre,other,Fanchon.Ventre@yopmail.com,2002-09-18,Anchorage,Bhutan,1
58,Gabriellia,Whittaker,other,Gabriellia.Whittaker@yopmail.com,2004-04-27,Antananarivo,Tunisia,4
59,Kaia,Nickola,male,Kaia.Nickola@yopmail.com,2001-11-12,Yangon,Qatar,2
60,Rosanne,Jenness,other,Rosanne.Jenness@yopmail.com,2002-02-15,St. George's,Pakistan,7
61,Nyssa,Serilda,female,Nyssa.Serilda@yopmail.com,2001-01-10,Málaga,Eritrea,6
62,Audrie,Suanne,other,Audrie.Suanne@yopmail.com,2003-11-07,Seoul,Saint Vincent and the Grenadines,7
63,Chickie,Gaspard,female,Chickie.Gaspard@yopmail.com,2000-05-09,Incheon,Somalia,5
64,Joleen,Yam,male,Joleen.Yam@yopmail.com,2000-11-06,Accra,Togo,1
65,Linzy,Curren,male,Linzy.Curren@yopmail.com,2003-01-19,Balikpapan,Antarctica,2
66,Riannon,Larochelle,female,Riannon.Larochelle@yopmail.com,2000-05-17,Palikir,Uzbekistan,3
67,Bee,Bord,other,Bee.Bord@yopmail.com,2002-11-21,Paramaribo,Malaysia,5
68,Minne,Codding,other,Minne.Codding@yopmail.com,2001-05-19,Philadelphia,Cuba,3
69,Karlee,Mich,female,Karlee.Mich@yopmail.com,2003-08-14,Malacca Town,Serbia and Montenegro,4
70,Tori,Shama,other,Tori.Shama@yopmail.com,2001-06-08,Havana,"Congo, The Democratic Republic of the",5
71,Elka,McNully,female,Elka.McNully@yopmail.com,2000-01-01,Bridgetown,Greenland,4
72,Jenda,Leopold,female,Jenda.Leopold@yopmail.com,2001-10-30,Punta Arenas,RWANDA,1
73,Regina,Grosz,other,Regina.Grosz@yopmail.com,2004-11-19,Sarajevo,Mali,4
74,Kaja,Read,male,Kaja.Read@yopmail.com,2002-04-24,Papeete,Norway,8
75,Vinita,Dreda,other,Vinita.Dreda@yopmail.com,2004-03-01,Panama City,Portugal,4
76,Zondra,Ledah,female,Zondra.Ledah@yopmail.com,2000-11-13,Surabaya,Niger,6
77,Larine,Gilmour,male,Larine.Gilmour@yopmail.com,2002-04-03,Nashville,"Korea, Democratic People""S Republic of",1
78,Briney,Paton,male,Briney.Paton@yopmail.com,2003-03-19,Dammam,Gabon,2
79,Iseabal,Lynn,other,Iseabal.Lynn@yopmail.com,2002-08-29,Paris,Philippines,5
80,Oralee,Vorster,female,Oralee.Vorster@yopmail.com,2003-10-28,Luxor,Mauritius,2
81,Ezmeralda,Madox,other,Ezmeralda.Madox@yopmail.com,2000-04-06,Bratislava,Kiribati,6
82,Cissiee,Allina,female,Cissiee.Allina@yopmail.com,2003-04-26,Abuja,Mauritius,5
83,Karena,Noam,other,Karena.Noam@yopmail.com,2001-12-07,Arequipa,Singapore,2
84,Roz,Christal,male,Roz.Christal@yopmail.com,2003-07-15,Porto Velho,Benin,3
85,Kerrin,Elephus,female,Kerrin.Elephus@yopmail.com,2003-09-22,Rio Branco,Liechtenstein,3
86,Goldie,Armanda,male,Goldie.Armanda@yopmail.com,2004-05-21,Indianapolis,Bosnia and Herzegovina,3
87,Rhea,Yorick,other,Rhea.Yorick@yopmail.com,2003-11-18,Toronto,Ghana,7
88,Jenilee,McClimans,female,Jenilee.McClimans@yopmail.com,2000-10-10,Fortaleza,Hong Kong,1
89,Aigneis,Edvard,other,Aigneis.Edvard@yopmail.com,2001-09-02,Bern,Western Sahara,6
90,Paola,Shields,female,Paola.Shields@yopmail.com,2003-11-13,Belmopan,Zambia,3
91,Catharine,Hurley,other,Catharine.Hurley@yopmail.com,2002-12-08,Birmingham,Sweden,7
92,Caryl,Ummersen,other,Caryl.Ummersen@yopmail.com,2000-04-15,Auckland,Sweden,4
93,Katuscha,Genna,other,Katuscha.Genna@yopmail.com,2001-07-03,Nassau,Nauru,5
94,Grier,Goode,female,Grier.Goode@yopmail.com,2003-01-05,Manaus,Saudi Arabia,4
95,Concettina,Boehike,male,Concettina.Boehike@yopmail.com,2000-08-26,Nassau,Cambodia,6
96,Jinny,Robertson,other,Jinny.Robertson@yopmail.com,2002-02-17,Kota Bharu,Niger,1
97,Ileana,Ivens,other,Ileana.Ivens@yopmail.com,2003-11-07,Saint John,Turkey,6
98,Teriann,Felecia,female,Teriann.Felecia@yopmail.com,2001-09-03,The Hague,Anguilla,3
99,Jasmina,Ventre,female,Jasmina.Ventre@yopmail.com,2002-11-06,Addis Ababa,Slovenia,6
100,Mathilda,Millda,other,Mathilda.Millda@yopmail.com,2003-09-23,Sitka,Botswana,1
101,Fawne,Donell,female,Fawne.Donell@yopmail.com,2001-07-27,Pristina,Bolivia,7
102,Lilith,Tamar,male,Lilith.Tamar@yopmail.com,2002-12-08,Jakarta,Belgium,4
103,Anestassia,Ledah,female,Anestassia.Ledah@yopmail.com,2002-01-12,San Carlos de Bariloche,Costa Rica,5
104,Cassandra,Medrek,male,Cassandra.Medrek@yopmail.com,2001-06-03,Madrid,Cambodia,1
105,Wendi,August,other,Wendi.August@yopmail.com,2000-09-11,Punta Arenas,Cambodia,8
106,Janey,Emmy,female,Janey.Emmy@yopmail.com,2001-04-09,Stepanakert,"Iran, Islamic Republic Of",2
107,Angela,Yerkovich,male,Angela.Yerkovich@yopmail.com,2003-02-01,Puebla,Reunion,7
108,Donnie,Ricki,female,Donnie.Ricki@yopmail.com,2000-06-11,Kolkata,Belgium,5
109,Monika,An,female,Monika.An@yopmail.com,2004-11-21,Xining,Congo,1
110,Edyth,Buckler,female,Edyth.Buckler@yopmail.com,2001-07-03,Riverside,Ethiopia,5
111,Janenna,Cyrie,female,Janenna.Cyrie@yopmail.com,2000-09-30,Miri,Central African Republic,1
112,Zondra,Milson,other,Zondra.Milson@yopmail.com,2000-01-21,Dallas,Philippines,2
113,Philis,Brunell,male,Philis.Brunell@yopmail.com,2000-08-27,Raleigh,Benin,2
114,Ethel,Hewitt,other,Ethel.Hewitt@yopmail.com,2002-06-10,Koulikoro,El Salvador,4
115,Odessa,Delila,female,Odessa.Delila@yopmail.com,2003-12-22,Lilongwe,Israel,6
116,Lucille,Martguerita,other,Lucille.Martguerita@yopmail.com,2004-11-08,Malang,Qatar,8
117,Dianemarie,Vacuva,female,Dianemarie.Vacuva@yopmail.com,2003-06-08,Hagåtña,Chad,7
118,Mady,Zina,female,Mady.Zina@yopmail.com,2003-01-13,Marseille,Saint Vincent and the Grenadines,4
119,Myrtice,Campball,male,Myrtice.Campball@yopmail.com,2000-11-10,Tagbilaran,"Moldova, Republic of",3
120,Claresta,Lareena,male,Claresta.Lareena@yopmail.com,2000-02-09,Sukhumi,Greece,7
121,Kayla,Toor,female,Kayla.Toor@yopmail.com,2000-05-14,Adak,South Africa,1
122,Winifred,Rosette,male,Winifred.Rosette@yopmail.com,2004-04-25,Ahmedabad,Chile,5
123,Rivalee,Dyche,male,Rivalee.Dyche@yopmail.com,2003-07-11,Osaka,Spain,6
124,Renae,Cohdwell,other,Renae.Cohdwell@yopmail.com,2004-11-29,New Orleans,Saint Kitts and Nevis,4
125,Sue,Virgin,other,Sue.Virgin@yopmail.com,2001-06-02,Medina,Brunei Darussalam,5
126,Lynea,Bari,male,Lynea.Bari@yopmail.com,2002-06-22,Milwaukee,Singapore,1
127,Constance,Lindemann,male,Constance.Lindemann@yopmail.com,2004-01-15,Semarang,Belgium,8
128,Audrie,Amand,female,Audrie.Amand@yopmail.com,2004-07-17,Nouakchott,Nepal,6
129,Dari,Deny,female,Dari.Deny@yopmail.com,2000-08-23,Punta Arenas,Jamaica,4
130,Mureil,Ellerey,female,Mureil.Ellerey@yopmail.com,2000-01-08,Gaza,Wallis and Futuna,6
131,Layla,Whittaker,other,Layla.Whittaker@yopmail.com,2000-06-28,Asunción,Christmas Island,3
132,Orelia,Damarra,other,Orelia.Damarra@yopmail.com,2003-05-21,Petropavlovsk-Kamchatsky,Israel,1
133,Petronia,Clara,other,Petronia.Clara@yopmail.com,2003-11-23,Cardiff,Papua New Guinea,6
134,Justinn,Evangelia,male,Justinn.Evangelia@yopmail.com,2001-03-06,Astana,Niger,1
135,Cacilie,Brenn,other,Cacilie.Brenn@yopmail.com,2002-07-29,Hagåtña,Bulgaria,1
136,Dede,Fulmer,female,Dede.Fulmer@yopmail.com,2002-11-02,Lisbon,Afghanistan,8
137,Kate,Herrera,female,Kate.Herrera@yopmail.com,2000-06-14,San Francisco,"Congo, The Democratic Republic of the",7
138,Kerrin,Autrey,female,Kerrin.Autrey@yopmail.com,2002-08-11,Podgorica,Belgium,7
139,Gusty,Jarib,female,Gusty.Jarib@yopmail.com,2001-05-21,Kathmandu,Vanuatu,8
140,Lyssa,Trinetta,other,Lyssa.Trinetta@yopmail.com,2001-01-29,Quezon City,Trinidad and Tobago,3
141,Elora,Estella,female,Elora.Estella@yopmail.com,2001-04-01,Manaus,Greece,2
142,Alia,Edee,female,Alia.Edee@yopmail.com,2001-09-17,Tórshavn,Antarctica,1
143,Joy,Sibyls,other,Joy.Sibyls@yopmail.com,2000-10-03,Malang,Portugal,8
144,Lacie,Vins,other,Lacie.Vins@yopmail.com,2001-10-04,Alexandria,Somalia,7
145,Ekaterina,Capello,other,Ekaterina.Capello@yopmail.com,2002-06-14,Barcelona,Zimbabwe,1
146,Livvyy,Riordan,male,Livvyy.Riordan@yopmail.com,2001-12-20,Kolkata,Panama,7
147,Randa,Levey,female,Randa.Levey@yopmail.com,2002-03-01,Jakarta,French Southern Territories,4
148,Beatriz,Jorgan,other,Beatriz.Jorgan@yopmail.com,2001-07-29,Kharkiv,"Micronesia, Federated States of",7
149,Hyacinthe,Markman,other,Hyacinthe.Markman@yopmail.com,2001-06-05,Vancouver,Panama,2
150,Tressa,Georas,male,Tressa.Georas@yopmail.com,2002-01-14,Kota Kinabalu,United Arab Emirates,4
151,Halette,Rozanna,other,Halette.Rozanna@yopmail.com,2004-11-10,Sydney,Solomon Islands,5
152,Louella,Nisbet,other,Louella.Nisbet@yopmail.com,2001-09-21,Guatemala City,Faroe Islands,6
153,Tori,Daveta,female,Tori.Daveta@yopmail.com,2003-07-17,Blantyre,Venezuela,5
154,Mireielle,Grimbly,male,Mireielle.Grimbly@yopmail.com,2004-03-28,Nagpur,Guadeloupe,4
155,Albertina,Dorine,female,Albertina.Dorine@yopmail.com,2002-08-30,Omsk,Singapore,1
156,Jacquetta,Seagraves,male,Jacquetta.Seagraves@yopmail.com,2001-10-14,San Francisco,Switzerland,8
157,Sarette,Corrine,female,Sarette.Corrine@yopmail.com,2004-04-19,Hanoi,China,2
158,Veda,Remmer,male,Veda.Remmer@yopmail.com,2003-01-24,Yamoussoukro,Zambia,7
159,Tera,Masao,male,Tera.Masao@yopmail.com,2003-10-22,Douglas,Kenya,1
160,Annaliese,Flyn,other,Annaliese.Flyn@yopmail.com,2003-10-06,Melekeok,Colombia,4
161,Desirae,Mott,other,Desirae.Mott@yopmail.com,2002-10-12,Rockhampton,Brunei Darussalam,6
162,Nananne,Aaberg,male,Nananne.Aaberg@yopmail.com,2004-04-07,Birkirkara,Cuba,7
163,Meriel,Danby,other,Meriel.Danby@yopmail.com,2000-03-19,Bahía Blanca,Italy,2
164,Shell,Suzetta,other,Shell.Suzetta@yopmail.com,2004-05-29,Bandar Seri Begawan,Greece,5
165,Cristine,Nester,other,Cristine.Nester@yopmail.com,2001-07-30,Montevideo,Ukraine,4
166,Meriel,Marisa,female,Meriel.Marisa@yopmail.com,2004-12-12,Durban,Paraguay,1
167,Kathi,Rogerio,other,Kathi.Rogerio@yopmail.com,2004-06-06,Lucknow,Congo,4
168,Tabbatha,Sparhawk,other,Tabbatha.Sparhawk@yopmail.com,2001-10-14,Batticaloa,Colombia,4
169,Dennie,McLaughlin,male,Dennie.McLaughlin@yopmail.com,2001-01-17,Ankara,Kazakhstan,2
170,Aili,Pettiford,male,Aili.Pettiford@yopmail.com,2000-11-18,Pattaya,Dominica,5
171,Cherilyn,Gaspard,male,Cherilyn.Gaspard@yopmail.com,2001-02-03,Daegu,Cape Verde,3
172,Clarice,Lareena,female,Clarice.Lareena@yopmail.com,2001-10-06,Milwaukee,Congo,4
173,Sam,Sothena,female,Sam.Sothena@yopmail.com,2003-11-08,Funafuti,Viet Nam,4
174,Kerrin,Iphlgenia,male,Kerrin.Iphlgenia@yopmail.com,2000-09-12,Málaga,Panama,1
175,Jackie,Garek,female,Jackie.Garek@yopmail.com,2000-04-18,Ankara,"Macedonia, The Former Yugoslav Republic of",5
176,Joeann,Oriana,male,Joeann.Oriana@yopmail.com,2000-09-07,Vaduz,Holy See (Vatican City State),7
177,Consuela,Zamora,male,Consuela.Zamora@yopmail.com,2004-09-17,Omsk,Bangladesh,1
178,Rubie,Roumell,male,Rubie.Roumell@yopmail.com,2003-04-13,Birkirkara,Tuvalu,4
179,Gale,Madaih,male,Gale.Madaih@yopmail.com,2002-08-11,Mashhad,Iraq,1
180,Mireielle,Oster,other,Mireielle.Oster@yopmail.com,2004-06-04,Lusaka,Saint Pierre and Miquelon,7
181,Jaclyn,Etom,other,Jaclyn.Etom@yopmail.com,2003-05-24,Aberdeen,Lithuania,2
182,Daryl,Gower,male,Daryl.Gower@yopmail.com,2003-12-31,Wuhan,Israel,8
183,Evaleen,Primalia,male,Evaleen.Primalia@yopmail.com,2002-01-01,Philadelphia,El Salvador,2
184,Dyann,Ciapas,other,Dyann.Ciapas@yopmail.com,2004-01-20,Ankara,Guinea-Bissau,3
185,Sonni,Lea,male,Sonni.Lea@yopmail.com,2004-02-10,San Carlos de Bariloche,Zimbabwe,1
186,Ezmeralda,Vastah,male,Ezmeralda.Vastah@yopmail.com,2002-09-26,The Hague,Venezuela,6
187,Linzy,Goldina,male,Linzy.Goldina@yopmail.com,2004-08-27,Chiang Mai,Qatar,8
188,Ingrid,Fleeta,male,Ingrid.Fleeta@yopmail.com,2000-09-18,Jakarta,AndorrA,3
189,Priscilla,Dex,female,Priscilla.Dex@yopmail.com,2001-06-03,Miri,French Polynesia,4
190,Blondelle,Fontana,male,Blondelle.Fontana@yopmail.com,2002-04-27,Patna,Cuba,1
191,Yolane,Fillbert,other,Yolane.Fillbert@yopmail.com,2001-06-17,Riga,India,6
192,Randa,Fabiola,female,Randa.Fabiola@yopmail.com,2002-01-11,Suez,Saint Pierre and Miquelon,5
193,Marcy,Carbo,other,Marcy.Carbo@yopmail.com,2001-12-19,Makassar,Benin,6
194,Ekaterina,Wandie,other,Ekaterina.Wandie@yopmail.com,2000-06-07,Beirut,Antarctica,7
195,Arabel,Yusuk,male,Arabel.Yusuk@yopmail.com,2000-10-14,City of San Marino,Kenya,2
196,Mildrid,Pacorro,other,Mildrid.Pacorro@yopmail.com,2004-08-28,Bloemfontein,"Virgin Islands, U.S.",3
197,Sadie,Hepsibah,male,Sadie.Hepsibah@yopmail.com,2001-06-22,Guatemala City,Bangladesh,3
198,Trixi,Dorcy,female,Trixi.Dorcy@yopmail.com,2004-09-29,San Diego,Faroe Islands,5
199,Teriann,Love,other,Teriann.Love@yopmail.com,2001-01-06,Lomé,British Indian Ocean Territory,4
200,,,,,,,,
